configuration,arm,stage,mean,ci95_low,ci95_high
DeepSeek/OFF,accurate,raw,0.00232118055555556,-0.00854896701388891,0.012814236111111108
DeepSeek/OFF,accurate,S1,0.006588888888888878,-0.0007076388888888994,0.014768090277777753
DeepSeek/OFF,accurate,S2,0.007189583333333319,-8.546875000003239e-05,0.015450711805555512
DeepSeek/OFF,accurate,S3,0.02714722222222222,0.01709262152777776,0.036900138888888885
DeepSeek/OFF,mismatched,raw,0.002629166666666678,-0.01002684027777777,0.014546527777777781
DeepSeek/OFF,mismatched,S1,0.00764791666666665,-0.0003980381944444502,0.015977118055555507
DeepSeek/OFF,mismatched,S2,0.009543055555555542,0.0005165624999999947,0.01918154513888885
DeepSeek/OFF,mismatched,S3,0.023541666666666634,0.011831892361111098,0.03546749999999997
DeepSeek/ON,accurate,raw,0.07197743055555561,0.05514441840277782,0.08927431423611115
DeepSeek/ON,accurate,S1,0.03271736111111112,0.02091781250000002,0.045865312500000005
DeepSeek/ON,accurate,S2,0.037709722222222235,0.019218680555555593,0.06274534722222219
DeepSeek/ON,accurate,S3,0.10069513888888892,0.08068050347222226,0.12256420138888889
DeepSeek/ON,mismatched,raw,0.06585069444444447,0.05282145833333334,0.07818800347222224
DeepSeek/ON,mismatched,S1,0.03707638888888891,0.023072100694444483,0.05189935763888889
DeepSeek/ON,mismatched,S2,0.036296527777777796,0.02283376736111113,0.05028477430555557
DeepSeek/ON,mismatched,S3,0.10700625,0.08884355902777777,0.12614585069444442
Qwen/OFF,accurate,raw,0.019593750000000014,0.01174095486111113,0.02737124131944447
Qwen/OFF,accurate,S1,0.015501388888888893,0.0063810243055555564,0.02517871527777776
Qwen/OFF,accurate,S2,0.013343055555555566,0.004047829861111148,0.023316302083333303
Qwen/OFF,accurate,S3,0.034842361111111116,0.024785347222222195,0.046228541666666685
Qwen/OFF,mismatched,raw,0.021307638888888904,0.007742230902777798,0.03681989583333329
Qwen/OFF,mismatched,S1,0.016034027777777776,0.006895034722222217,0.02571399305555556
Qwen/OFF,mismatched,S2,0.01899652777777778,0.009476354166666685,0.029850954861111074
Qwen/OFF,mismatched,S3,0.03939444444444444,0.025172899305555545,0.0556688541666667
Qwen/ON,accurate,raw,0.11654513888888891,0.09409858506944446,0.1391757118055555
Qwen/ON,accurate,S1,0.07867083333333333,0.05014161458333327,0.10830576388888882
Qwen/ON,accurate,S2,0.07096319444444445,0.04645821180555556,0.09646760416666661
Qwen/ON,accurate,S3,0.16352291666666666,0.13585116319444437,0.18961340277777775
Qwen/ON,mismatched,raw,0.11043958333333333,0.09120365451388891,0.1331458940972221
Qwen/ON,mismatched,S1,0.0748597222222222,0.047270069444444486,0.10608388888888878
Qwen/ON,mismatched,S2,0.07198055555555555,0.04307406250000003,0.10400151041666662
Qwen/ON,mismatched,S3,0.1510673611111111,0.1279142361111111,0.1761071180555555
