mode,contrast,seed,paired_gain_difference
Thinking ON,Raw/accurate-score,200,0.039347222222222346
Thinking ON,Raw/accurate-score,201,0.07314583333333335
Thinking ON,Raw/accurate-score,202,0.04988194444444445
Thinking ON,Raw/accurate-score,203,0.056798611111111175
Thinking ON,Raw/accurate-score,204,0.06966666666666663
Thinking ON,Raw/accurate-score,205,0.02459027777777782
Thinking ON,Raw/accurate-score,206,0.02590972222222218
Thinking ON,Raw/accurate-score,207,0.03468749999999986
Thinking ON,Raw/accurate-score,208,-0.0037777777777776578
Thinking ON,Raw/accurate-score,209,-0.004625000000000101
Thinking ON,Raw/accurate-score,210,0.048104166666666726
Thinking ON,Raw/accurate-score,211,0.06481944444444447
Thinking ON,Raw/accurate-score,212,0.004486111111110927
Thinking ON,Raw/accurate-score,213,0.008819444444444421
Thinking ON,Raw/accurate-score,214,0.006298611111111185
Thinking ON,Raw/accurate-score,215,0.022124999999999923
Thinking ON,Raw/accurate-score,216,0.009618055555555623
Thinking ON,Raw/accurate-score,217,-0.023124999999999958
Thinking ON,Raw/accurate-score,218,-0.07068749999999997
Thinking ON,Raw/accurate-score,219,-0.050888888888888796
Thinking ON,S3/accurate-score,200,0.06600000000000014
Thinking ON,S3/accurate-score,201,0.06647222222222218
Thinking ON,S3/accurate-score,202,0.11725
Thinking ON,S3/accurate-score,203,0.10250000000000004
Thinking ON,S3/accurate-score,204,0.07456944444444438
Thinking ON,S3/accurate-score,205,-0.0011111111111110593
Thinking ON,S3/accurate-score,206,0.03529166666666672
Thinking ON,S3/accurate-score,207,0.014097222222221983
Thinking ON,S3/accurate-score,208,-0.017430555555555463
Thinking ON,S3/accurate-score,209,-0.02227777777777784
Thinking ON,S3/accurate-score,210,0.0704166666666668
Thinking ON,S3/accurate-score,211,0.043500000000000025
Thinking ON,S3/accurate-score,212,-0.006569444444444551
Thinking ON,S3/accurate-score,213,-0.04093055555555562
Thinking ON,S3/accurate-score,214,0.01245833333333339
Thinking ON,S3/accurate-score,215,0.05390277777777763
Thinking ON,S3/accurate-score,216,0.01845833333333332
Thinking ON,S3/accurate-score,217,-0.03999999999999988
Thinking ON,S3/accurate-score,218,-0.08905555555555558
Thinking ON,S3/accurate-score,219,-0.04288888888888884
