configuration,seed,arm,stage,gain_per_round
DeepSeek/OFF,200,accurate,raw,0.0167638888888888
DeepSeek/OFF,201,accurate,raw,0.002263888888889065
DeepSeek/OFF,202,accurate,raw,-0.0016944444444445168
DeepSeek/OFF,203,accurate,raw,-0.03954166666666666
DeepSeek/OFF,204,accurate,raw,-0.004458333333333342
DeepSeek/OFF,205,accurate,raw,-0.020638888888888984
DeepSeek/OFF,206,accurate,raw,0.03926388888888884
DeepSeek/OFF,207,accurate,raw,0.045590277777777764
DeepSeek/OFF,208,accurate,raw,-0.01209722222222224
DeepSeek/OFF,209,accurate,raw,-0.014979166666666655
DeepSeek/OFF,210,accurate,raw,-0.014395833333333533
DeepSeek/OFF,211,accurate,raw,0.027381944444444417
DeepSeek/OFF,212,accurate,raw,-0.049749999999999926
DeepSeek/OFF,213,accurate,raw,-0.011409722222221993
DeepSeek/OFF,214,accurate,raw,0.01981250000000001
DeepSeek/OFF,215,accurate,raw,0.0181041666666667
DeepSeek/OFF,216,accurate,raw,0.02447222222222223
DeepSeek/OFF,217,accurate,raw,-0.004916666666666643
DeepSeek/OFF,218,accurate,raw,0.02000694444444447
DeepSeek/OFF,219,accurate,raw,0.006645833333333388
DeepSeek/OFF,200,accurate,S1,0.03915277777777767
DeepSeek/OFF,201,accurate,S1,-0.0037222222222220345
DeepSeek/OFF,202,accurate,S1,0.007694444444444448
DeepSeek/OFF,203,accurate,S1,-0.014875000000000046
DeepSeek/OFF,204,accurate,S1,0.002736111111111198
DeepSeek/OFF,205,accurate,S1,-0.019305555555555614
DeepSeek/OFF,206,accurate,S1,0.033305555555555554
DeepSeek/OFF,207,accurate,S1,0.045569444444444406
DeepSeek/OFF,208,accurate,S1,0.0
DeepSeek/OFF,209,accurate,S1,-0.011624999999999996
DeepSeek/OFF,210,accurate,S1,4.1666666666495544e-05
DeepSeek/OFF,211,accurate,S1,0.03544444444444439
DeepSeek/OFF,212,accurate,S1,0.0
DeepSeek/OFF,213,accurate,S1,-0.0033888888888888116
DeepSeek/OFF,214,accurate,S1,0.0
DeepSeek/OFF,215,accurate,S1,0.0
DeepSeek/OFF,216,accurate,S1,0.009027777777777782
DeepSeek/OFF,217,accurate,S1,0.0
DeepSeek/OFF,218,accurate,S1,0.0
DeepSeek/OFF,219,accurate,S1,0.011722222222222115
DeepSeek/OFF,200,accurate,S2,0.03915277777777767
DeepSeek/OFF,201,accurate,S2,-0.0037222222222220345
DeepSeek/OFF,202,accurate,S2,0.007694444444444448
DeepSeek/OFF,203,accurate,S2,-0.014875000000000046
DeepSeek/OFF,204,accurate,S2,0.0
DeepSeek/OFF,205,accurate,S2,-0.019305555555555614
DeepSeek/OFF,206,accurate,S2,0.033305555555555554
DeepSeek/OFF,207,accurate,S2,0.04869444444444445
DeepSeek/OFF,208,accurate,S2,0.0
DeepSeek/OFF,209,accurate,S2,0.0
DeepSeek/OFF,210,accurate,S2,4.1666666666495544e-05
DeepSeek/OFF,211,accurate,S2,0.03544444444444439
DeepSeek/OFF,212,accurate,S2,0.0
DeepSeek/OFF,213,accurate,S2,-0.0033888888888888116
DeepSeek/OFF,214,accurate,S2,0.0
DeepSeek/OFF,215,accurate,S2,0.0
DeepSeek/OFF,216,accurate,S2,0.009027777777777782
DeepSeek/OFF,217,accurate,S2,0.0
DeepSeek/OFF,218,accurate,S2,0.0
DeepSeek/OFF,219,accurate,S2,0.011722222222222115
DeepSeek/OFF,200,accurate,S3,0.03783333333333316
DeepSeek/OFF,201,accurate,S3,0.03594444444444448
DeepSeek/OFF,202,accurate,S3,0.008638888888888863
DeepSeek/OFF,203,accurate,S3,0.0
DeepSeek/OFF,204,accurate,S3,0.03801388888888887
DeepSeek/OFF,205,accurate,S3,-0.02176388888888899
DeepSeek/OFF,206,accurate,S3,0.04325000000000001
DeepSeek/OFF,207,accurate,S3,0.0524166666666667
DeepSeek/OFF,208,accurate,S3,0.011333333333333343
DeepSeek/OFF,209,accurate,S3,0.014722222222222156
DeepSeek/OFF,210,accurate,S3,0.02704166666666663
DeepSeek/OFF,211,accurate,S3,0.03672222222222218
DeepSeek/OFF,212,accurate,S3,0.0
DeepSeek/OFF,213,accurate,S3,0.024402777777777995
DeepSeek/OFF,214,accurate,S3,0.06243055555555562
DeepSeek/OFF,215,accurate,S3,0.061138888888888854
DeepSeek/OFF,216,accurate,S3,0.059319444444444404
DeepSeek/OFF,217,accurate,S3,0.01919444444444444
DeepSeek/OFF,218,accurate,S3,0.0349027777777778
DeepSeek/OFF,219,accurate,S3,-0.002597222222222214
DeepSeek/OFF,200,mismatched,raw,0.004069444444444385
DeepSeek/OFF,201,mismatched,raw,-0.031611111111111
DeepSeek/OFF,202,mismatched,raw,-0.007993055555555592
DeepSeek/OFF,203,mismatched,raw,-0.062361111111111124
DeepSeek/OFF,204,mismatched,raw,0.03226388888888887
DeepSeek/OFF,205,mismatched,raw,-0.03331944444444457
DeepSeek/OFF,206,mismatched,raw,0.010250000000000018
DeepSeek/OFF,207,mismatched,raw,0.024701388888888915
DeepSeek/OFF,208,mismatched,raw,0.016597222222222225
DeepSeek/OFF,209,mismatched,raw,-0.00617361111111107
DeepSeek/OFF,210,mismatched,raw,0.002256944444444242
DeepSeek/OFF,211,mismatched,raw,0.020604166666666684
DeepSeek/OFF,212,mismatched,raw,-0.029069444444444332
DeepSeek/OFF,213,mismatched,raw,0.020222222222222325
DeepSeek/OFF,214,mismatched,raw,0.024715277777777784
DeepSeek/OFF,215,mismatched,raw,0.04000694444444456
DeepSeek/OFF,216,mismatched,raw,0.05031249999999998
DeepSeek/OFF,217,mismatched,raw,-0.02810416666666656
DeepSeek/OFF,218,mismatched,raw,-0.008319444444444398
DeepSeek/OFF,219,mismatched,raw,0.01353472222222222
DeepSeek/OFF,200,mismatched,S1,0.0434583333333333
DeepSeek/OFF,201,mismatched,S1,0.012125000000000016
DeepSeek/OFF,202,mismatched,S1,-0.002083333333333437
DeepSeek/OFF,203,mismatched,S1,0.0
DeepSeek/OFF,204,mismatched,S1,0.0
DeepSeek/OFF,205,mismatched,S1,-0.03322222222222234
DeepSeek/OFF,206,mismatched,S1,0.007263888888888885
DeepSeek/OFF,207,mismatched,S1,0.015486111111111164
DeepSeek/OFF,208,mismatched,S1,0.0
DeepSeek/OFF,209,mismatched,S1,-0.007624999999999993
DeepSeek/OFF,210,mismatched,S1,0.01968055555555533
DeepSeek/OFF,211,mismatched,S1,0.03805555555555551
DeepSeek/OFF,212,mismatched,S1,0.0
DeepSeek/OFF,213,mismatched,S1,0.025527777777777965
DeepSeek/OFF,214,mismatched,S1,0.0
DeepSeek/OFF,215,mismatched,S1,-0.005249999999999977
DeepSeek/OFF,216,mismatched,S1,0.045416666666666584
DeepSeek/OFF,217,mismatched,S1,0.0
DeepSeek/OFF,218,mismatched,S1,-0.0002777777777778212
DeepSeek/OFF,219,mismatched,S1,-0.00559722222222218
DeepSeek/OFF,200,mismatched,S2,0.0434583333333333
DeepSeek/OFF,201,mismatched,S2,0.012125000000000016
DeepSeek/OFF,202,mismatched,S2,-0.002083333333333437
DeepSeek/OFF,203,mismatched,S2,0.0
DeepSeek/OFF,204,mismatched,S2,0.006555555555555574
DeepSeek/OFF,205,mismatched,S2,-0.03322222222222234
DeepSeek/OFF,206,mismatched,S2,0.007263888888888885
DeepSeek/OFF,207,mismatched,S2,0.05827777777777787
DeepSeek/OFF,208,mismatched,S2,0.0
DeepSeek/OFF,209,mismatched,S2,-0.007624999999999993
DeepSeek/OFF,210,mismatched,S2,0.01968055555555533
DeepSeek/OFF,211,mismatched,S2,0.03805555555555551
DeepSeek/OFF,212,mismatched,S2,0.0
DeepSeek/OFF,213,mismatched,S2,0.013805555555555701
DeepSeek/OFF,214,mismatched,S2,0.0
DeepSeek/OFF,215,mismatched,S2,-0.005249999999999977
DeepSeek/OFF,216,mismatched,S2,0.045416666666666584
DeepSeek/OFF,217,mismatched,S2,0.0
DeepSeek/OFF,218,mismatched,S2,0.0
DeepSeek/OFF,219,mismatched,S2,-0.00559722222222218
DeepSeek/OFF,200,mismatched,S3,0.04606944444444435
DeepSeek/OFF,201,mismatched,S3,0.012125000000000016
DeepSeek/OFF,202,mismatched,S3,0.012972222222222088
DeepSeek/OFF,203,mismatched,S3,-0.007861111111111171
DeepSeek/OFF,204,mismatched,S3,0.03331944444444446
DeepSeek/OFF,205,mismatched,S3,-0.016902777777777933
DeepSeek/OFF,206,mismatched,S3,0.030416666666666686
DeepSeek/OFF,207,mismatched,S3,0.06898611111111112
DeepSeek/OFF,208,mismatched,S3,0.03201388888888893
DeepSeek/OFF,209,mismatched,S3,0.0006250000000000236
DeepSeek/OFF,210,mismatched,S3,0.012694444444444194
DeepSeek/OFF,211,mismatched,S3,0.04081944444444444
DeepSeek/OFF,212,mismatched,S3,-0.00694444444444442
DeepSeek/OFF,213,mismatched,S3,0.029180555555555616
DeepSeek/OFF,214,mismatched,S3,0.045777777777777695
DeepSeek/OFF,215,mismatched,S3,0.05861111111111117
DeepSeek/OFF,216,mismatched,S3,0.0771666666666666
DeepSeek/OFF,217,mismatched,S3,-0.018444444444444413
DeepSeek/OFF,218,mismatched,S3,-0.00020833333333329188
DeepSeek/OFF,219,mismatched,S3,0.0204166666666666
DeepSeek/OFF,200,score,raw,0.005993055555555442
DeepSeek/OFF,201,score,raw,0.02063194444444442
DeepSeek/OFF,202,score,raw,-0.008048611111111178
DeepSeek/OFF,203,score,raw,-0.048875000000000036
DeepSeek/OFF,204,score,raw,0.0181041666666667
DeepSeek/OFF,205,score,raw,-0.024715277777777895
DeepSeek/OFF,206,score,raw,0.020770833333333332
DeepSeek/OFF,207,score,raw,0.07511805555555566
DeepSeek/OFF,208,score,raw,-0.006090277777777746
DeepSeek/OFF,209,score,raw,-0.010604166666666637
DeepSeek/OFF,210,score,raw,0.055777777777777704
DeepSeek/OFF,211,score,raw,-0.041229166666666574
DeepSeek/OFF,212,score,raw,-0.03569444444444436
DeepSeek/OFF,213,score,raw,-0.02672916666666647
DeepSeek/OFF,214,score,raw,0.01940972222222226
DeepSeek/OFF,215,score,raw,0.0406875000000001
DeepSeek/OFF,216,score,raw,0.04199305555555566
DeepSeek/OFF,217,score,raw,-0.035874999999999956
DeepSeek/OFF,218,score,raw,0.009319444444444472
DeepSeek/OFF,219,score,raw,0.006229166666666693
DeepSeek/OFF,200,score,S1,0.03931944444444432
DeepSeek/OFF,201,score,S1,0.0
DeepSeek/OFF,202,score,S1,-0.002666666666666743
DeepSeek/OFF,203,score,S1,-0.0346666666666667
DeepSeek/OFF,204,score,S1,0.01998611111111111
DeepSeek/OFF,205,score,S1,0.005972222222222194
DeepSeek/OFF,206,score,S1,0.020138888888888856
DeepSeek/OFF,207,score,S1,0.08672222222222221
DeepSeek/OFF,208,score,S1,0.0
DeepSeek/OFF,209,score,S1,0.002861111111111129
DeepSeek/OFF,210,score,S1,0.023388888888888903
DeepSeek/OFF,211,score,S1,0.002388888888888848
DeepSeek/OFF,212,score,S1,0.0
DeepSeek/OFF,213,score,S1,0.0035833333333334196
DeepSeek/OFF,214,score,S1,0.0
DeepSeek/OFF,215,score,S1,0.0
DeepSeek/OFF,216,score,S1,0.01952777777777781
DeepSeek/OFF,217,score,S1,-0.011180555555555602
DeepSeek/OFF,218,score,S1,0.02316666666666663
DeepSeek/OFF,219,score,S1,0.005416666666666625
DeepSeek/OFF,200,score,S2,0.03931944444444432
DeepSeek/OFF,201,score,S2,0.0
DeepSeek/OFF,202,score,S2,-0.002666666666666743
DeepSeek/OFF,203,score,S2,0.0
DeepSeek/OFF,204,score,S2,0.01998611111111111
DeepSeek/OFF,205,score,S2,0.005972222222222194
DeepSeek/OFF,206,score,S2,0.046361111111111075
DeepSeek/OFF,207,score,S2,0.08672222222222221
DeepSeek/OFF,208,score,S2,0.0
DeepSeek/OFF,209,score,S2,0.002861111111111129
DeepSeek/OFF,210,score,S2,0.02472222222222224
DeepSeek/OFF,211,score,S2,0.002388888888888848
DeepSeek/OFF,212,score,S2,0.0
DeepSeek/OFF,213,score,S2,0.0035833333333334196
DeepSeek/OFF,214,score,S2,0.0
DeepSeek/OFF,215,score,S2,0.0
DeepSeek/OFF,216,score,S2,0.01952777777777781
DeepSeek/OFF,217,score,S2,0.006361111111111113
DeepSeek/OFF,218,score,S2,0.02316666666666663
DeepSeek/OFF,219,score,S2,0.005416666666666625
DeepSeek/OFF,200,score,S3,0.03931944444444432
DeepSeek/OFF,201,score,S3,0.07290277777777783
DeepSeek/OFF,202,score,S3,1.3888888888905862e-05
DeepSeek/OFF,203,score,S3,-0.0032083333333333317
DeepSeek/OFF,204,score,S3,0.023569444444444382
DeepSeek/OFF,205,score,S3,-0.01412500000000009
DeepSeek/OFF,206,score,S3,0.05588888888888888
DeepSeek/OFF,207,score,S3,0.0968472222222223
DeepSeek/OFF,208,score,S3,0.0006527777777778354
DeepSeek/OFF,209,score,S3,0.012138888888888921
DeepSeek/OFF,210,score,S3,0.12880555555555548
DeepSeek/OFF,211,score,S3,0.0
DeepSeek/OFF,212,score,S3,0.007111111111111142
DeepSeek/OFF,213,score,S3,0.009500000000000139
DeepSeek/OFF,214,score,S3,0.052791666666666646
DeepSeek/OFF,215,score,S3,0.050444444444444514
DeepSeek/OFF,216,score,S3,0.06880555555555572
DeepSeek/OFF,217,score,S3,0.0
DeepSeek/OFF,218,score,S3,0.029875000000000023
DeepSeek/OFF,219,score,S3,0.009250000000000055
DeepSeek/ON,200,accurate,raw,0.08504861111111113
DeepSeek/ON,201,accurate,raw,0.07281944444444455
DeepSeek/ON,202,accurate,raw,0.06709722222222225
DeepSeek/ON,203,accurate,raw,0.03550000000000001
DeepSeek/ON,204,accurate,raw,0.10036805555555554
DeepSeek/ON,205,accurate,raw,0.02615972222222218
DeepSeek/ON,206,accurate,raw,0.10706249999999999
DeepSeek/ON,207,accurate,raw,0.13128472222222223
DeepSeek/ON,208,accurate,raw,0.053395833333333455
DeepSeek/ON,209,accurate,raw,0.05127083333333338
DeepSeek/ON,210,accurate,raw,0.0897916666666666
DeepSeek/ON,211,accurate,raw,0.11259027777777779
DeepSeek/ON,212,accurate,raw,0.05175
DeepSeek/ON,213,accurate,raw,0.09720138888888896
DeepSeek/ON,214,accurate,raw,0.07143750000000004
DeepSeek/ON,215,accurate,raw,0.16031250000000005
DeepSeek/ON,216,accurate,raw,0.06370138888888892
DeepSeek/ON,217,accurate,raw,0.04097916666666671
DeepSeek/ON,218,accurate,raw,0.028291666666666715
DeepSeek/ON,219,accurate,raw,-0.006513888888888745
DeepSeek/ON,200,accurate,S1,0.07380555555555561
DeepSeek/ON,201,accurate,S1,-0.0022499999999999374
DeepSeek/ON,202,accurate,S1,0.011305555555555605
DeepSeek/ON,203,accurate,S1,0.013763888888888909
DeepSeek/ON,204,accurate,S1,0.02298611111111108
DeepSeek/ON,205,accurate,S1,0.01148611111111116
DeepSeek/ON,206,accurate,S1,0.05769444444444435
DeepSeek/ON,207,accurate,S1,0.011277777777777867
DeepSeek/ON,208,accurate,S1,0.025375000000000147
DeepSeek/ON,209,accurate,S1,0.008263888888888923
DeepSeek/ON,210,accurate,S1,0.04851388888888882
DeepSeek/ON,211,accurate,S1,0.0824027777777776
DeepSeek/ON,212,accurate,S1,0.035597222222222204
DeepSeek/ON,213,accurate,S1,0.022999999999999982
DeepSeek/ON,214,accurate,S1,-0.0006805555555555731
DeepSeek/ON,215,accurate,S1,0.09600000000000002
DeepSeek/ON,216,accurate,S1,0.05143055555555557
DeepSeek/ON,217,accurate,S1,0.015597222222222188
DeepSeek/ON,218,accurate,S1,0.061694444444444496
DeepSeek/ON,219,accurate,S1,0.007083333333333479
DeepSeek/ON,200,accurate,S2,0.07380555555555561
DeepSeek/ON,201,accurate,S2,-0.0022499999999999374
DeepSeek/ON,202,accurate,S2,0.011305555555555605
DeepSeek/ON,203,accurate,S2,0.0009583333333333943
DeepSeek/ON,204,accurate,S2,0.046847222222222186
DeepSeek/ON,205,accurate,S2,-0.007861111111111097
DeepSeek/ON,206,accurate,S2,0.05769444444444435
DeepSeek/ON,207,accurate,S2,0.011277777777777867
DeepSeek/ON,208,accurate,S2,0.025375000000000147
DeepSeek/ON,209,accurate,S2,0.008263888888888923
DeepSeek/ON,210,accurate,S2,0.04851388888888882
DeepSeek/ON,211,accurate,S2,0.0824027777777776
DeepSeek/ON,212,accurate,S2,0.035597222222222204
DeepSeek/ON,213,accurate,S2,0.022999999999999982
DeepSeek/ON,214,accurate,S2,-0.0006805555555555731
DeepSeek/ON,215,accurate,S2,0.22784722222222223
DeepSeek/ON,216,accurate,S2,0.027722222222222277
DeepSeek/ON,217,accurate,S2,0.015597222222222188
DeepSeek/ON,218,accurate,S2,0.061694444444444496
DeepSeek/ON,219,accurate,S2,0.007083333333333479
DeepSeek/ON,200,accurate,S3,0.1163333333333334
DeepSeek/ON,201,accurate,S3,0.11791666666666674
DeepSeek/ON,202,accurate,S3,0.1357361111111112
DeepSeek/ON,203,accurate,S3,0.07430555555555556
DeepSeek/ON,204,accurate,S3,0.14476388888888883
DeepSeek/ON,205,accurate,S3,0.03105555555555554
DeepSeek/ON,206,accurate,S3,0.15643055555555563
DeepSeek/ON,207,accurate,S3,0.15140277777777778
DeepSeek/ON,208,accurate,S3,0.08105555555555559
DeepSeek/ON,209,accurate,S3,0.08805555555555562
DeepSeek/ON,210,accurate,S3,0.12097222222222219
DeepSeek/ON,211,accurate,S3,0.11158333333333337
DeepSeek/ON,212,accurate,S3,0.05243055555555561
DeepSeek/ON,213,accurate,S3,0.09993055555555556
DeepSeek/ON,214,accurate,S3,0.09002777777777782
DeepSeek/ON,215,accurate,S3,0.22784722222222223
DeepSeek/ON,216,accurate,S3,0.06519444444444449
DeepSeek/ON,217,accurate,S3,0.06645833333333344
DeepSeek/ON,218,accurate,S3,0.061694444444444496
DeepSeek/ON,219,accurate,S3,0.0207083333333334
DeepSeek/ON,200,mismatched,raw,0.05863194444444438
DeepSeek/ON,201,mismatched,raw,0.018458333333333504
DeepSeek/ON,202,mismatched,raw,0.08087499999999992
DeepSeek/ON,203,mismatched,raw,0.005979166666666684
DeepSeek/ON,204,mismatched,raw,0.08536111111111111
DeepSeek/ON,205,mismatched,raw,0.03653472222222213
DeepSeek/ON,206,mismatched,raw,0.0788125
DeepSeek/ON,207,mismatched,raw,0.08096527777777777
DeepSeek/ON,208,mismatched,raw,0.0757152777777778
DeepSeek/ON,209,mismatched,raw,0.04546527777777779
DeepSeek/ON,210,mismatched,raw,0.016090277777777717
DeepSeek/ON,211,mismatched,raw,0.08638888888888896
DeepSeek/ON,212,mismatched,raw,0.08735416666666673
DeepSeek/ON,213,mismatched,raw,0.07163194444444458
DeepSeek/ON,214,mismatched,raw,0.07453472222222224
DeepSeek/ON,215,mismatched,raw,0.08312500000000012
DeepSeek/ON,216,mismatched,raw,0.06413194444444448
DeepSeek/ON,217,mismatched,raw,0.12196527777777781
DeepSeek/ON,218,mismatched,raw,0.1025
DeepSeek/ON,219,mismatched,raw,0.042493055555555714
DeepSeek/ON,200,mismatched,S1,0.00198611111111117
DeepSeek/ON,201,mismatched,S1,-0.01916666666666648
DeepSeek/ON,202,mismatched,S1,0.005527777777777798
DeepSeek/ON,203,mismatched,S1,0.05173611111111113
DeepSeek/ON,204,mismatched,S1,0.02434722222222215
DeepSeek/ON,205,mismatched,S1,0.04341666666666658
DeepSeek/ON,206,mismatched,S1,0.06547222222222215
DeepSeek/ON,207,mismatched,S1,0.028375000000000112
DeepSeek/ON,208,mismatched,S1,0.014472222222222294
DeepSeek/ON,209,mismatched,S1,0.014888888888888951
DeepSeek/ON,210,mismatched,S1,0.0392916666666665
DeepSeek/ON,211,mismatched,S1,0.06783333333333334
DeepSeek/ON,212,mismatched,S1,0.03526388888888891
DeepSeek/ON,213,mismatched,S1,0.0
DeepSeek/ON,214,mismatched,S1,0.11108333333333342
DeepSeek/ON,215,mismatched,S1,0.08163888888888897
DeepSeek/ON,216,mismatched,S1,0.08334722222222224
DeepSeek/ON,217,mismatched,S1,0.011833333333333362
DeepSeek/ON,218,mismatched,S1,0.07130555555555551
DeepSeek/ON,219,mismatched,S1,0.00887500000000004
DeepSeek/ON,200,mismatched,S2,0.00198611111111117
DeepSeek/ON,201,mismatched,S2,-0.01916666666666648
DeepSeek/ON,202,mismatched,S2,0.005527777777777798
DeepSeek/ON,203,mismatched,S2,0.05173611111111113
DeepSeek/ON,204,mismatched,S2,0.02434722222222215
DeepSeek/ON,205,mismatched,S2,0.04341666666666658
DeepSeek/ON,206,mismatched,S2,0.06547222222222215
DeepSeek/ON,207,mismatched,S2,0.028375000000000112
DeepSeek/ON,208,mismatched,S2,0.014472222222222294
DeepSeek/ON,209,mismatched,S2,0.014888888888888951
DeepSeek/ON,210,mismatched,S2,0.0392916666666665
DeepSeek/ON,211,mismatched,S2,0.06783333333333334
DeepSeek/ON,212,mismatched,S2,0.03526388888888891
DeepSeek/ON,213,mismatched,S2,0.0
DeepSeek/ON,214,mismatched,S2,0.09548611111111116
DeepSeek/ON,215,mismatched,S2,0.08163888888888897
DeepSeek/ON,216,mismatched,S2,0.08334722222222224
DeepSeek/ON,217,mismatched,S2,0.011833333333333362
DeepSeek/ON,218,mismatched,S2,0.07130555555555551
DeepSeek/ON,219,mismatched,S2,0.00887500000000004
DeepSeek/ON,200,mismatched,S3,0.06504166666666651
DeepSeek/ON,201,mismatched,S3,0.06433333333333335
DeepSeek/ON,202,mismatched,S3,0.1626944444444444
DeepSeek/ON,203,mismatched,S3,0.04984722222222223
DeepSeek/ON,204,mismatched,S3,0.13763888888888887
DeepSeek/ON,205,mismatched,S3,0.053027777777777674
DeepSeek/ON,206,mismatched,S3,0.10165277777777774
DeepSeek/ON,207,mismatched,S3,0.154
DeepSeek/ON,208,mismatched,S3,0.13281944444444438
DeepSeek/ON,209,mismatched,S3,0.06891666666666667
DeepSeek/ON,210,mismatched,S3,0.063861111111111
DeepSeek/ON,211,mismatched,S3,0.11004166666666666
DeepSeek/ON,212,mismatched,S3,0.12563888888888894
DeepSeek/ON,213,mismatched,S3,0.1174166666666668
DeepSeek/ON,214,mismatched,S3,0.11068055555555545
DeepSeek/ON,215,mismatched,S3,0.0905000000000001
DeepSeek/ON,216,mismatched,S3,0.10156944444444445
DeepSeek/ON,217,mismatched,S3,0.20358333333333337
DeepSeek/ON,218,mismatched,S3,0.16956944444444444
DeepSeek/ON,219,mismatched,S3,0.057291666666666886
DeepSeek/ON,200,score,raw,0.045701388888888785
DeepSeek/ON,201,score,raw,-0.0003263888888888067
DeepSeek/ON,202,score,raw,0.017215277777777798
DeepSeek/ON,203,score,raw,-0.02129861111111116
DeepSeek/ON,204,score,raw,0.03070138888888892
DeepSeek/ON,205,score,raw,0.001569444444444364
DeepSeek/ON,206,score,raw,0.08115277777777781
DeepSeek/ON,207,score,raw,0.09659722222222238
DeepSeek/ON,208,score,raw,0.05717361111111111
DeepSeek/ON,209,score,raw,0.05589583333333348
DeepSeek/ON,210,score,raw,0.04168749999999988
DeepSeek/ON,211,score,raw,0.04777083333333332
DeepSeek/ON,212,score,raw,0.04726388888888907
DeepSeek/ON,213,score,raw,0.08838194444444454
DeepSeek/ON,214,score,raw,0.06513888888888886
DeepSeek/ON,215,score,raw,0.13818750000000013
DeepSeek/ON,216,score,raw,0.054083333333333296
DeepSeek/ON,217,score,raw,0.06410416666666667
DeepSeek/ON,218,score,raw,0.09897916666666669
DeepSeek/ON,219,score,raw,0.04437500000000005
DeepSeek/ON,200,score,S1,0.041486111111111036
DeepSeek/ON,201,score,S1,0.03648611111111114
DeepSeek/ON,202,score,S1,0.006236111111111109
DeepSeek/ON,203,score,S1,-0.037333333333333364
DeepSeek/ON,204,score,S1,0.020597222222222156
DeepSeek/ON,205,score,S1,0.008458333333333234
DeepSeek/ON,206,score,S1,0.05822222222222232
DeepSeek/ON,207,score,S1,0.1110694444444446
DeepSeek/ON,208,score,S1,0.02168055555555563
DeepSeek/ON,209,score,S1,0.0346666666666667
DeepSeek/ON,210,score,S1,0.03508333333333321
DeepSeek/ON,211,score,S1,0.058722222222222197
DeepSeek/ON,212,score,S1,0.0
DeepSeek/ON,213,score,S1,0.010805555555555587
DeepSeek/ON,214,score,S1,0.03163888888888892
DeepSeek/ON,215,score,S1,0.07925000000000011
DeepSeek/ON,216,score,S1,0.026666666666666543
DeepSeek/ON,217,score,S1,0.046277777777777786
DeepSeek/ON,218,score,S1,0.053541666666666675
DeepSeek/ON,219,score,S1,0.05173611111111113
DeepSeek/ON,200,score,S2,0.041486111111111036
DeepSeek/ON,201,score,S2,0.03648611111111114
DeepSeek/ON,202,score,S2,0.006236111111111109
DeepSeek/ON,203,score,S2,0.0
DeepSeek/ON,204,score,S2,0.03576388888888893
DeepSeek/ON,205,score,S2,0.008458333333333234
DeepSeek/ON,206,score,S2,0.05822222222222232
DeepSeek/ON,207,score,S2,0.1110694444444446
DeepSeek/ON,208,score,S2,0.02168055555555563
DeepSeek/ON,209,score,S2,0.0346666666666667
DeepSeek/ON,210,score,S2,0.03508333333333321
DeepSeek/ON,211,score,S2,0.058722222222222197
DeepSeek/ON,212,score,S2,0.0
DeepSeek/ON,213,score,S2,0.0
DeepSeek/ON,214,score,S2,0.03163888888888892
DeepSeek/ON,215,score,S2,0.07925000000000011
DeepSeek/ON,216,score,S2,0.06440277777777774
DeepSeek/ON,217,score,S2,0.03972222222222229
DeepSeek/ON,218,score,S2,0.053541666666666675
DeepSeek/ON,219,score,S2,0.05173611111111113
DeepSeek/ON,200,score,S3,0.050333333333333265
DeepSeek/ON,201,score,S3,0.05144444444444455
DeepSeek/ON,202,score,S3,0.018486111111111203
DeepSeek/ON,203,score,S3,-0.028194444444444484
DeepSeek/ON,204,score,S3,0.07019444444444445
DeepSeek/ON,205,score,S3,0.0321666666666666
DeepSeek/ON,206,score,S3,0.12113888888888891
DeepSeek/ON,207,score,S3,0.1373055555555558
DeepSeek/ON,208,score,S3,0.09848611111111105
DeepSeek/ON,209,score,S3,0.11033333333333346
DeepSeek/ON,210,score,S3,0.05055555555555539
DeepSeek/ON,211,score,S3,0.06808333333333334
DeepSeek/ON,212,score,S3,0.05900000000000016
DeepSeek/ON,213,score,S3,0.1408611111111112
DeepSeek/ON,214,score,S3,0.07756944444444443
DeepSeek/ON,215,score,S3,0.1739444444444446
DeepSeek/ON,216,score,S3,0.046736111111111166
DeepSeek/ON,217,score,S3,0.10645833333333332
DeepSeek/ON,218,score,S3,0.15075000000000008
DeepSeek/ON,219,score,S3,0.06359722222222224
Qwen/OFF,200,accurate,raw,0.035513888888888845
Qwen/OFF,201,accurate,raw,0.04164583333333338
Qwen/OFF,202,accurate,raw,-0.006451388888889002
Qwen/OFF,203,accurate,raw,0.00015277777777777946
Qwen/OFF,204,accurate,raw,0.031090277777777803
Qwen/OFF,205,accurate,raw,-0.013673611111111095
Qwen/OFF,206,accurate,raw,-0.0005833333333333801
Qwen/OFF,207,accurate,raw,0.035590277777777714
Qwen/OFF,208,accurate,raw,0.01777083333333333
Qwen/OFF,209,accurate,raw,0.020090277777777905
Qwen/OFF,210,accurate,raw,0.044256944444444356
Qwen/OFF,211,accurate,raw,0.019027777777777716
Qwen/OFF,212,accurate,raw,0.007812500000000147
Qwen/OFF,213,accurate,raw,-0.000493055555555492
Qwen/OFF,214,accurate,raw,0.021770833333333333
Qwen/OFF,215,accurate,raw,0.04395138888888894
Qwen/OFF,216,accurate,raw,0.0433194444444445
Qwen/OFF,217,accurate,raw,0.015576388888888978
Qwen/OFF,218,accurate,raw,0.02888888888888889
Qwen/OFF,219,accurate,raw,0.00661805555555565
Qwen/OFF,200,accurate,S1,0.0485277777777778
Qwen/OFF,201,accurate,S1,0.034777777777777796
Qwen/OFF,202,accurate,S1,-0.010972222222222308
Qwen/OFF,203,accurate,S1,-0.018486111111111203
Qwen/OFF,204,accurate,S1,0.02644444444444442
Qwen/OFF,205,accurate,S1,-0.005972222222222268
Qwen/OFF,206,accurate,S1,0.00919444444444443
Qwen/OFF,207,accurate,S1,-0.005902777777777812
Qwen/OFF,208,accurate,S1,0.019236111111111082
Qwen/OFF,209,accurate,S1,0.0028194444444445597
Qwen/OFF,210,accurate,S1,0.04170833333333331
Qwen/OFF,211,accurate,S1,0.042513888888888886
Qwen/OFF,212,accurate,S1,-0.0038055555555554696
Qwen/OFF,213,accurate,S1,0.0016944444444445168
Qwen/OFF,214,accurate,S1,-0.0015972222222223238
Qwen/OFF,215,accurate,S1,0.05638888888888897
Qwen/OFF,216,accurate,S1,0.029458333333333364
Qwen/OFF,217,accurate,S1,0.012805555555555589
Qwen/OFF,218,accurate,S1,0.030638888888888882
Qwen/OFF,219,accurate,S1,0.0005555555555556424
Qwen/OFF,200,accurate,S2,0.0485277777777778
Qwen/OFF,201,accurate,S2,0.034777777777777796
Qwen/OFF,202,accurate,S2,-0.010972222222222308
Qwen/OFF,203,accurate,S2,-0.018486111111111203
Qwen/OFF,204,accurate,S2,0.026819444444444358
Qwen/OFF,205,accurate,S2,-0.005972222222222268
Qwen/OFF,206,accurate,S2,0.00919444444444443
Qwen/OFF,207,accurate,S2,-0.005902777777777812
Qwen/OFF,208,accurate,S2,0.020861111111111146
Qwen/OFF,209,accurate,S2,0.0028194444444445597
Qwen/OFF,210,accurate,S2,0.04170833333333331
Qwen/OFF,211,accurate,S2,0.042513888888888886
Qwen/OFF,212,accurate,S2,-0.0038055555555554696
Qwen/OFF,213,accurate,S2,0.0016944444444445168
Qwen/OFF,214,accurate,S2,0.0
Qwen/OFF,215,accurate,S2,0.05638888888888897
Qwen/OFF,216,accurate,S2,0.029458333333333364
Qwen/OFF,217,accurate,S2,0.004125000000000008
Qwen/OFF,218,accurate,S2,-0.007444444444444438
Qwen/OFF,219,accurate,S2,0.0005555555555556424
Qwen/OFF,200,accurate,S3,0.05783333333333333
Qwen/OFF,201,accurate,S3,0.09597222222222228
Qwen/OFF,202,accurate,S3,0.0035833333333331976
Qwen/OFF,203,accurate,S3,0.016874999999999973
Qwen/OFF,204,accurate,S3,0.03258333333333333
Qwen/OFF,205,accurate,S3,0.002597222222222214
Qwen/OFF,206,accurate,S3,0.014236111111111116
Qwen/OFF,207,accurate,S3,0.08450000000000002
Qwen/OFF,208,accurate,S3,0.026486111111111137
Qwen/OFF,209,accurate,S3,0.0431666666666668
Qwen/OFF,210,accurate,S3,0.047569444444444255
Qwen/OFF,211,accurate,S3,0.02824999999999996
Qwen/OFF,212,accurate,S3,0.02520833333333335
Qwen/OFF,213,accurate,S3,0.008694444444444486
Qwen/OFF,214,accurate,S3,0.05027777777777779
Qwen/OFF,215,accurate,S3,0.05702777777777782
Qwen/OFF,216,accurate,S3,0.027805555555555566
Qwen/OFF,217,accurate,S3,0.02229166666666682
Qwen/OFF,218,accurate,S3,0.03451388888888888
Qwen/OFF,219,accurate,S3,0.017375000000000067
Qwen/OFF,200,mismatched,raw,0.033263888888888836
Qwen/OFF,201,mismatched,raw,-0.0018958333333332449
Qwen/OFF,202,mismatched,raw,-0.027138888888888935
Qwen/OFF,203,mismatched,raw,0.021270833333333388
Qwen/OFF,204,mismatched,raw,0.003069444444444458
Qwen/OFF,205,mismatched,raw,-0.027631944444444573
Qwen/OFF,206,mismatched,raw,0.030166666666666675
Qwen/OFF,207,mismatched,raw,0.11371527777777779
Qwen/OFF,208,mismatched,raw,0.0196736111111111
Qwen/OFF,209,mismatched,raw,0.007090277777777931
Qwen/OFF,210,mismatched,raw,0.02090972222222213
Qwen/OFF,211,mismatched,raw,0.026986111111111117
Qwen/OFF,212,mismatched,raw,0.0023263888888889563
Qwen/OFF,213,mismatched,raw,-0.0017013888888886737
Qwen/OFF,214,mismatched,raw,0.020534722222222152
Qwen/OFF,215,mismatched,raw,0.08344444444444458
Qwen/OFF,216,mismatched,raw,0.05735416666666656
Qwen/OFF,217,mismatched,raw,0.0014166666666666587
Qwen/OFF,218,mismatched,raw,0.04617361111111107
Qwen/OFF,219,mismatched,raw,-0.0028749999999998868
Qwen/OFF,200,mismatched,S1,0.038263888888888875
Qwen/OFF,201,mismatched,S1,0.0339305555555555
Qwen/OFF,202,mismatched,S1,-0.017916666666666654
Qwen/OFF,203,mismatched,S1,0.061194444444444475
Qwen/OFF,204,mismatched,S1,-0.004986111111111062
Qwen/OFF,205,mismatched,S1,0.01034722222222221
Qwen/OFF,206,mismatched,S1,0.008847222222222229
Qwen/OFF,207,mismatched,S1,0.012027777777777674
Qwen/OFF,208,mismatched,S1,0.01837500000000003
Qwen/OFF,209,mismatched,S1,0.009680555555555618
Qwen/OFF,210,mismatched,S1,0.03408333333333324
Qwen/OFF,211,mismatched,S1,-0.008166666666666655
Qwen/OFF,212,mismatched,S1,0.0
Qwen/OFF,213,mismatched,S1,0.003458333333333415
Qwen/OFF,214,mismatched,S1,0.026111111111111123
Qwen/OFF,215,mismatched,S1,0.06118055555555557
Qwen/OFF,216,mismatched,S1,0.03481944444444437
Qwen/OFF,217,mismatched,S1,0.011291666666666625
Qwen/OFF,218,mismatched,S1,-0.006611111111111123
Qwen/OFF,219,mismatched,S1,-0.005249999999999903
Qwen/OFF,200,mismatched,S2,0.038263888888888875
Qwen/OFF,201,mismatched,S2,0.0339305555555555
Qwen/OFF,202,mismatched,S2,-0.017916666666666654
Qwen/OFF,203,mismatched,S2,0.061194444444444475
Qwen/OFF,204,mismatched,S2,-0.004986111111111062
Qwen/OFF,205,mismatched,S2,0.01034722222222221
Qwen/OFF,206,mismatched,S2,0.008847222222222229
Qwen/OFF,207,mismatched,S2,0.012027777777777674
Qwen/OFF,208,mismatched,S2,0.01837500000000003
Qwen/OFF,209,mismatched,S2,0.009680555555555618
Qwen/OFF,210,mismatched,S2,0.03408333333333324
Qwen/OFF,211,mismatched,S2,0.01293055555555552
Qwen/OFF,212,mismatched,S2,0.004833333333333393
Qwen/OFF,213,mismatched,S2,0.003458333333333415
Qwen/OFF,214,mismatched,S2,0.026111111111111123
Qwen/OFF,215,mismatched,S2,0.0855416666666667
Qwen/OFF,216,mismatched,S2,0.03481944444444437
Qwen/OFF,217,mismatched,S2,0.011291666666666625
Qwen/OFF,218,mismatched,S2,0.0
Qwen/OFF,219,mismatched,S2,-0.0029027777777776986
Qwen/OFF,200,mismatched,S3,0.024027777777777686
Qwen/OFF,201,mismatched,S3,0.03825000000000004
Qwen/OFF,202,mismatched,S3,-0.0064444444444445486
Qwen/OFF,203,mismatched,S3,0.06404166666666677
Qwen/OFF,204,mismatched,S3,0.04111111111111102
Qwen/OFF,205,mismatched,S3,-0.018972222222222317
Qwen/OFF,206,mismatched,S3,0.04951388888888886
Qwen/OFF,207,mismatched,S3,0.1304444444444445
Qwen/OFF,208,mismatched,S3,0.016291666666666666
Qwen/OFF,209,mismatched,S3,0.01912500000000013
Qwen/OFF,210,mismatched,S3,0.03408333333333324
Qwen/OFF,211,mismatched,S3,0.03902777777777781
Qwen/OFF,212,mismatched,S3,0.019750000000000083
Qwen/OFF,213,mismatched,S3,0.014736111111111208
Qwen/OFF,214,mismatched,S3,0.026111111111111123
Qwen/OFF,215,mismatched,S3,0.10551388888888898
Qwen/OFF,216,mismatched,S3,0.07988888888888875
Qwen/OFF,217,mismatched,S3,0.028444444444444494
Qwen/OFF,218,mismatched,S3,0.06562499999999998
Qwen/OFF,219,mismatched,S3,0.017319444444444443
Qwen/OFF,200,score,raw,0.009499999999999953
Qwen/OFF,201,score,raw,0.006562500000000138
Qwen/OFF,202,score,raw,-0.0029513888888888693
Qwen/OFF,203,score,raw,-0.043673611111111045
Qwen/OFF,204,score,raw,0.01655555555555562
Qwen/OFF,205,score,raw,-0.03311111111111117
Qwen/OFF,206,score,raw,0.028722222222222166
Qwen/OFF,207,score,raw,0.07922222222222215
Qwen/OFF,208,score,raw,0.020784722222222236
Qwen/OFF,209,score,raw,0.009625000000000031
Qwen/OFF,210,score,raw,0.023180555555555427
Qwen/OFF,211,score,raw,0.043256944444444355
Qwen/OFF,212,score,raw,-0.012124999999999905
Qwen/OFF,213,score,raw,0.003354166666666695
Qwen/OFF,214,score,raw,0.01998611111111115
Qwen/OFF,215,score,raw,0.05738194444444459
Qwen/OFF,216,score,raw,0.07896527777777784
Qwen/OFF,217,score,raw,-0.018166666666666664
Qwen/OFF,218,score,raw,0.012486111111111087
Qwen/OFF,219,score,raw,0.023888888888888998
Qwen/OFF,200,score,S1,0.033263888888888836
Qwen/OFF,201,score,S1,0.0
Qwen/OFF,202,score,S1,0.002569444444444476
Qwen/OFF,203,score,S1,-0.02791666666666659
Qwen/OFF,204,score,S1,0.02602777777777776
Qwen/OFF,205,score,S1,-0.01913888888888889
Qwen/OFF,206,score,S1,0.0
Qwen/OFF,207,score,S1,0.07298611111111097
Qwen/OFF,208,score,S1,0.01497222222222224
Qwen/OFF,209,score,S1,-0.007819444444444454
Qwen/OFF,210,score,S1,0.024944444444444363
Qwen/OFF,211,score,S1,0.030166666666666602
Qwen/OFF,212,score,S1,-0.003194444444444352
Qwen/OFF,213,score,S1,-0.025722222222222202
Qwen/OFF,214,score,S1,-0.002374999999999942
Qwen/OFF,215,score,S1,0.06801388888888897
Qwen/OFF,216,score,S1,0.04244444444444443
Qwen/OFF,217,score,S1,0.010027777777777747
Qwen/OFF,218,score,S1,0.03737500000000001
Qwen/OFF,219,score,S1,-0.008180555555555488
Qwen/OFF,200,score,S2,0.033263888888888836
Qwen/OFF,201,score,S2,0.0
Qwen/OFF,202,score,S2,0.002569444444444476
Qwen/OFF,203,score,S2,-0.032916666666666705
Qwen/OFF,204,score,S2,0.02602777777777776
Qwen/OFF,205,score,S2,-0.01913888888888889
Qwen/OFF,206,score,S2,0.0
Qwen/OFF,207,score,S2,0.06934722222222216
Qwen/OFF,208,score,S2,0.01497222222222224
Qwen/OFF,209,score,S2,-0.007819444444444454
Qwen/OFF,210,score,S2,0.024944444444444363
Qwen/OFF,211,score,S2,0.037180555555555474
Qwen/OFF,212,score,S2,-0.003194444444444352
Qwen/OFF,213,score,S2,-0.025722222222222202
Qwen/OFF,214,score,S2,-0.002374999999999942
Qwen/OFF,215,score,S2,0.06801388888888897
Qwen/OFF,216,score,S2,0.04244444444444443
Qwen/OFF,217,score,S2,0.0
Qwen/OFF,218,score,S2,0.03737500000000001
Qwen/OFF,219,score,S2,-0.008180555555555488
Qwen/OFF,200,score,S3,0.04081944444444444
Qwen/OFF,201,score,S3,0.02827777777777792
Qwen/OFF,202,score,S3,0.0016527777777778734
Qwen/OFF,203,score,S3,0.0018472222222223333
Qwen/OFF,204,score,S3,0.03144444444444446
Qwen/OFF,205,score,S3,-0.0031527777777778563
Qwen/OFF,206,score,S3,0.04293055555555555
Qwen/OFF,207,score,S3,0.07974999999999999
Qwen/OFF,208,score,S3,0.019750000000000007
Qwen/OFF,209,score,S3,0.02941666666666672
Qwen/OFF,210,score,S3,0.045277777777777604
Qwen/OFF,211,score,S3,0.05009722222222216
Qwen/OFF,212,score,S3,-0.00011111111111102485
Qwen/OFF,213,score,S3,0.03141666666666657
Qwen/OFF,214,score,S3,0.048611111111111084
Qwen/OFF,215,score,S3,0.06919444444444463
Qwen/OFF,216,score,S3,0.15195833333333342
Qwen/OFF,217,score,S3,0.026763888888888882
Qwen/OFF,218,score,S3,0.0542916666666667
Qwen/OFF,219,score,S3,0.0631527777777779
Qwen/ON,200,accurate,raw,0.11881944444444441
Qwen/ON,201,accurate,raw,0.11945833333333337
Qwen/ON,202,accurate,raw,0.09316666666666658
Qwen/ON,203,accurate,raw,0.00602777777777778
Qwen/ON,204,accurate,raw,0.09890972222222212
Qwen/ON,205,accurate,raw,0.04953472222222203
Qwen/ON,206,accurate,raw,0.14602777777777776
Qwen/ON,207,accurate,raw,0.24004166666666657
Qwen/ON,208,accurate,raw,0.0849722222222223
Qwen/ON,209,accurate,raw,0.0270555555555555
Qwen/ON,210,accurate,raw,0.1277499999999999
Qwen/ON,211,accurate,raw,0.11557638888888884
Qwen/ON,212,accurate,raw,0.16837500000000016
Qwen/ON,213,accurate,raw,0.1013819444444446
Qwen/ON,214,accurate,raw,0.14504166666666674
Qwen/ON,215,accurate,raw,0.13565277777777804
Qwen/ON,216,accurate,raw,0.18449305555555565
Qwen/ON,217,accurate,raw,0.13550694444444442
Qwen/ON,218,accurate,raw,0.11845833333333333
Qwen/ON,219,accurate,raw,0.11465277777777787
Qwen/ON,200,accurate,S1,0.0419027777777777
Qwen/ON,201,accurate,S1,0.09924999999999991
Qwen/ON,202,accurate,S1,0.0
Qwen/ON,203,accurate,S1,-0.008111111111111033
Qwen/ON,204,accurate,S1,0.06486111111111104
Qwen/ON,205,accurate,S1,0.08991666666666635
Qwen/ON,206,accurate,S1,0.11549999999999987
Qwen/ON,207,accurate,S1,0.22427777777777771
Qwen/ON,208,accurate,S1,0.0364305555555556
Qwen/ON,209,accurate,S1,0.028208333333333318
Qwen/ON,210,accurate,S1,0.0
Qwen/ON,211,accurate,S1,0.12991666666666668
Qwen/ON,212,accurate,S1,0.0
Qwen/ON,213,accurate,S1,0.0070416666666666865
Qwen/ON,214,accurate,S1,0.20204166666666667
Qwen/ON,215,accurate,S1,0.11673611111111144
Qwen/ON,216,accurate,S1,0.09215277777777775
Qwen/ON,217,accurate,S1,0.1582083333333332
Qwen/ON,218,accurate,S1,0.08538888888888889
Qwen/ON,219,accurate,S1,0.08969444444444452
Qwen/ON,200,accurate,S2,0.0419027777777777
Qwen/ON,201,accurate,S2,0.09924999999999991
Qwen/ON,202,accurate,S2,0.0
Qwen/ON,203,accurate,S2,-0.008111111111111033
Qwen/ON,204,accurate,S2,0.06486111111111104
Qwen/ON,205,accurate,S2,0.08991666666666635
Qwen/ON,206,accurate,S2,0.11549999999999987
Qwen/ON,207,accurate,S2,0.07012500000000006
Qwen/ON,208,accurate,S2,0.0364305555555556
Qwen/ON,209,accurate,S2,0.028208333333333318
Qwen/ON,210,accurate,S2,0.0
Qwen/ON,211,accurate,S2,0.12991666666666668
Qwen/ON,212,accurate,S2,0.0
Qwen/ON,213,accurate,S2,0.0070416666666666865
Qwen/ON,214,accurate,S2,0.20204166666666667
Qwen/ON,215,accurate,S2,0.11673611111111144
Qwen/ON,216,accurate,S2,0.09215277777777775
Qwen/ON,217,accurate,S2,0.1582083333333332
Qwen/ON,218,accurate,S2,0.08538888888888889
Qwen/ON,219,accurate,S2,0.08969444444444452
Qwen/ON,200,accurate,S3,0.17661111111111114
Qwen/ON,201,accurate,S3,0.1609999999999999
Qwen/ON,202,accurate,S3,0.12652777777777766
Qwen/ON,203,accurate,S3,0.028874999999999984
Qwen/ON,204,accurate,S3,0.12111111111111102
Qwen/ON,205,accurate,S3,0.08991666666666635
Qwen/ON,206,accurate,S3,0.20949999999999994
Qwen/ON,207,accurate,S3,0.26291666666666647
Qwen/ON,208,accurate,S3,0.11601388888888901
Qwen/ON,209,accurate,S3,0.05348611111111105
Qwen/ON,210,accurate,S3,0.21752777777777763
Qwen/ON,211,accurate,S3,0.22102777777777774
Qwen/ON,212,accurate,S3,0.21995833333333348
Qwen/ON,213,accurate,S3,0.18611111111111142
Qwen/ON,214,accurate,S3,0.20204166666666667
Qwen/ON,215,accurate,S3,0.12222222222222245
Qwen/ON,216,accurate,S3,0.25062500000000004
Qwen/ON,217,accurate,S3,0.17623611111111112
Qwen/ON,218,accurate,S3,0.14881944444444448
Qwen/ON,219,accurate,S3,0.17993055555555562
Qwen/ON,200,mismatched,raw,0.10611111111111111
Qwen/ON,201,mismatched,raw,0.0588541666666668
Qwen/ON,202,mismatched,raw,0.1209513888888889
Qwen/ON,203,mismatched,raw,0.10489583333333337
Qwen/ON,204,mismatched,raw,0.16305555555555554
Qwen/ON,205,mismatched,raw,0.05427777777777768
Qwen/ON,206,mismatched,raw,0.1293958333333333
Qwen/ON,207,mismatched,raw,0.2540138888888888
Qwen/ON,208,mismatched,raw,0.09686805555555544
Qwen/ON,209,mismatched,raw,0.07078472222222225
Qwen/ON,210,mismatched,raw,0.10099999999999976
Qwen/ON,211,mismatched,raw,0.1667361111111111
Qwen/ON,212,mismatched,raw,0.10798611111111107
Qwen/ON,213,mismatched,raw,0.07852777777777797
Qwen/ON,214,mismatched,raw,0.091625
Qwen/ON,215,mismatched,raw,0.16660416666666675
Qwen/ON,216,mismatched,raw,0.09055555555555557
Qwen/ON,217,mismatched,raw,0.05412499999999987
Qwen/ON,218,mismatched,raw,0.13158333333333339
Qwen/ON,219,mismatched,raw,0.06084027777777771
Qwen/ON,200,mismatched,S1,0.03813888888888887
Qwen/ON,201,mismatched,S1,0.005833333333333579
Qwen/ON,202,mismatched,S1,0.04051388888888896
Qwen/ON,203,mismatched,S1,-0.0038749999999999987
Qwen/ON,204,mismatched,S1,0.16204166666666664
Qwen/ON,205,mismatched,S1,0.08545833333333326
Qwen/ON,206,mismatched,S1,0.0872083333333334
Qwen/ON,207,mismatched,S1,0.2523055555555554
Qwen/ON,208,mismatched,S1,0.08555555555555545
Qwen/ON,209,mismatched,S1,0.0463055555555556
Qwen/ON,210,mismatched,S1,0.0639722222222221
Qwen/ON,211,mismatched,S1,0.1800694444444444
Qwen/ON,212,mismatched,S1,0.0
Qwen/ON,213,mismatched,S1,0.031041666666666783
Qwen/ON,214,mismatched,S1,0.09070833333333332
Qwen/ON,215,mismatched,S1,0.16294444444444448
Qwen/ON,216,mismatched,S1,0.030319444444444416
Qwen/ON,217,mismatched,S1,0.041874999999999885
Qwen/ON,218,mismatched,S1,0.0
Qwen/ON,219,mismatched,S1,0.0967777777777777
Qwen/ON,200,mismatched,S2,0.03813888888888887
Qwen/ON,201,mismatched,S2,0.005833333333333579
Qwen/ON,202,mismatched,S2,0.0
Qwen/ON,203,mismatched,S2,-0.0038749999999999987
Qwen/ON,204,mismatched,S2,0.16920833333333327
Qwen/ON,205,mismatched,S2,0.08545833333333326
Qwen/ON,206,mismatched,S2,0.0872083333333334
Qwen/ON,207,mismatched,S2,0.2523055555555554
Qwen/ON,208,mismatched,S2,0.08555555555555545
Qwen/ON,209,mismatched,S2,0.03688888888888897
Qwen/ON,210,mismatched,S2,0.03134722222222219
Qwen/ON,211,mismatched,S2,0.1800694444444444
Qwen/ON,212,mismatched,S2,0.0
Qwen/ON,213,mismatched,S2,0.031041666666666783
Qwen/ON,214,mismatched,S2,0.09070833333333332
Qwen/ON,215,mismatched,S2,0.16294444444444448
Qwen/ON,216,mismatched,S2,0.04812499999999997
Qwen/ON,217,mismatched,S2,0.041874999999999885
Qwen/ON,218,mismatched,S2,0.0
Qwen/ON,219,mismatched,S2,0.0967777777777777
Qwen/ON,200,mismatched,S3,0.1552361111111112
Qwen/ON,201,mismatched,S3,0.05751388888888894
Qwen/ON,202,mismatched,S3,0.20138888888888884
Qwen/ON,203,mismatched,S3,0.16655555555555548
Qwen/ON,204,mismatched,S3,0.16773611111111109
Qwen/ON,205,mismatched,S3,0.08043055555555541
Qwen/ON,206,mismatched,S3,0.1336527777777777
Qwen/ON,207,mismatched,S3,0.2822777777777777
Qwen/ON,208,mismatched,S3,0.15722222222222207
Qwen/ON,209,mismatched,S3,0.13726388888888894
Qwen/ON,210,mismatched,S3,0.13904166666666637
Qwen/ON,211,mismatched,S3,0.23440277777777782
Qwen/ON,212,mismatched,S3,0.1336666666666666
Qwen/ON,213,mismatched,S3,0.12909722222222242
Qwen/ON,214,mismatched,S3,0.12090277777777773
Qwen/ON,215,mismatched,S3,0.19906944444444452
Qwen/ON,216,mismatched,S3,0.13298611111111117
Qwen/ON,217,mismatched,S3,0.06826388888888875
Qwen/ON,218,mismatched,S3,0.21843055555555577
Qwen/ON,219,mismatched,S3,0.10620833333333331
Qwen/ON,200,score,raw,0.09245138888888875
Qwen/ON,201,score,raw,0.10806250000000013
Qwen/ON,202,score,raw,0.09146527777777776
Qwen/ON,203,score,raw,0.050833333333333286
Qwen/ON,204,score,raw,0.032749999999999946
Qwen/ON,205,score,raw,-0.00011805555555558882
Qwen/ON,206,score,raw,0.024423611111111132
Qwen/ON,207,score,raw,0.12431944444444443
Qwen/ON,208,score,raw,0.059604166666666715
Qwen/ON,209,score,raw,0.0928472222222223
Qwen/ON,210,score,raw,0.07606249999999996
Qwen/ON,211,score,raw,0.07166666666666666
Qwen/ON,212,score,raw,0.004687499999999993
Qwen/ON,213,score,raw,0.006076388888889024
Qwen/ON,214,score,raw,0.007451388888888892
Qwen/ON,215,score,raw,0.15391666666666684
Qwen/ON,216,score,raw,0.15204861111111112
Qwen/ON,217,score,raw,0.05304166666666669
Qwen/ON,218,score,raw,0.09953472222222226
Qwen/ON,219,score,raw,0.12458333333333331
Qwen/ON,200,score,S1,-0.008791666666666753
Qwen/ON,201,score,S1,0.1191666666666668
Qwen/ON,202,score,S1,0.11172222222222213
Qwen/ON,203,score,S1,0.0759166666666667
Qwen/ON,204,score,S1,0.01869444444444442
Qwen/ON,205,score,S1,-0.037111111111111095
Qwen/ON,206,score,S1,0.10143055555555554
Qwen/ON,207,score,S1,0.17158333333333334
Qwen/ON,208,score,S1,0.05647222222222226
Qwen/ON,209,score,S1,0.04387500000000011
Qwen/ON,210,score,S1,0.12251388888888896
Qwen/ON,211,score,S1,0.10318055555555554
Qwen/ON,212,score,S1,0.0
Qwen/ON,213,score,S1,0.003083333333333401
Qwen/ON,214,score,S1,0.015208333333333343
Qwen/ON,215,score,S1,0.13919444444444462
Qwen/ON,216,score,S1,0.18556944444444437
Qwen/ON,217,score,S1,0.02166666666666665
Qwen/ON,218,score,S1,0.010736111111111132
Qwen/ON,219,score,S1,0.06522222222222229
Qwen/ON,200,score,S2,-0.0023194444444445406
Qwen/ON,201,score,S2,0.1191666666666668
Qwen/ON,202,score,S2,0.11172222222222213
Qwen/ON,203,score,S2,0.019888888888888994
Qwen/ON,204,score,S2,0.01869444444444442
Qwen/ON,205,score,S2,-0.037111111111111095
Qwen/ON,206,score,S2,0.10143055555555554
Qwen/ON,207,score,S2,0.17158333333333334
Qwen/ON,208,score,S2,0.05647222222222226
Qwen/ON,209,score,S2,0.04387500000000011
Qwen/ON,210,score,S2,0.12251388888888896
Qwen/ON,211,score,S2,0.10318055555555554
Qwen/ON,212,score,S2,0.0
Qwen/ON,213,score,S2,0.003083333333333401
Qwen/ON,214,score,S2,0.015208333333333343
Qwen/ON,215,score,S2,0.13919444444444462
Qwen/ON,216,score,S2,0.18556944444444437
Qwen/ON,217,score,S2,0.02166666666666665
Qwen/ON,218,score,S2,0.010736111111111132
Qwen/ON,219,score,S2,0.06522222222222229
Qwen/ON,200,score,S3,0.1591527777777777
Qwen/ON,201,score,S3,0.19025000000000017
Qwen/ON,202,score,S3,0.132625
Qwen/ON,203,score,S3,0.0759166666666667
Qwen/ON,204,score,S3,0.0323749999999999
Qwen/ON,205,score,S3,0.08916666666666662
Qwen/ON,206,score,S3,0.10143055555555554
Qwen/ON,207,score,S3,0.1965138888888888
Qwen/ON,208,score,S3,0.07984722222222225
Qwen/ON,209,score,S3,0.12356944444444455
Qwen/ON,210,score,S3,0.1827222222222223
Qwen/ON,211,score,S3,0.14180555555555552
Qwen/ON,212,score,S3,0.022819444444444503
Qwen/ON,213,score,S3,0.014375000000000249
Qwen/ON,214,score,S3,0.014902777777777784
Qwen/ON,215,score,S3,0.1862222222222223
Qwen/ON,216,score,S3,0.1847083333333334
Qwen/ON,217,score,S3,0.10209722222222221
Qwen/ON,218,score,S3,0.14398611111111115
Qwen/ON,219,score,S3,0.18394444444444433
