configuration,stage,comparison,mean,ci95_low,ci95_high,n_populations,exploratory
DeepSeek/OFF,raw,accurate_minus_score,-0.0014875000000000207,-0.013208758680555571,0.010478949652777758,20,True
DeepSeek/OFF,raw,mismatched_minus_score,-0.0011795138888889012,-0.013686015624999989,0.01102749131944439,20,True
DeepSeek/OFF,S3,accurate_minus_score,-0.004881944444444467,-0.01876821180555559,0.0063021354166666495,20,True
DeepSeek/OFF,S3,mismatched_minus_score,-0.008487500000000045,-0.024466961805555586,0.004927899305555492,20,True
DeepSeek/ON,raw,accurate_minus_score,0.019259722222222227,0.002218663194444446,0.03513302083333335,20,True
DeepSeek/ON,raw,mismatched_minus_score,0.013132986111111111,8.626736111113986e-05,0.02579378472222223,20,True
DeepSeek/ON,S3,accurate_minus_score,0.020732638888888887,-0.0025027777777777835,0.04381215277777775,20,True
DeepSeek/ON,S3,mismatched_minus_score,0.02704374999999996,0.00546664930555551,0.04911067708333326,20,True
Qwen/OFF,raw,accurate_minus_score,0.0034215277777777755,-0.00736085069444447,0.013961597222222207,20,True
Qwen/OFF,raw,mismatched_minus_score,0.005135416666666666,-0.004345876736111103,0.015367421874999981,20,True
Qwen/OFF,S3,accurate_minus_score,-0.005827083333333349,-0.02257989583333335,0.008834826388888828,20,True
Qwen/OFF,S3,mismatched_minus_score,-0.001275000000000023,-0.014045885416666699,0.011623645833333302,20,True
Qwen/ON,raw,accurate_minus_score,0.045259722222222215,0.01971993923611108,0.07114523437499998,20,True
Qwen/ON,raw,mismatched_minus_score,0.03915416666666664,0.013463541666666655,0.06434762152777775,20,True
Qwen/ON,S3,accurate_minus_score,0.04560138888888886,0.01302781250000003,0.07954024305555547,20,True
Qwen/ON,S3,mismatched_minus_score,0.0331458333333333,0.0008340798611110409,0.0636730208333333,20,True
