configuration,stage,comparison,seed,difference
DeepSeek/OFF,raw,accurate_minus_score,200,0.010770833333333358
DeepSeek/OFF,raw,accurate_minus_score,201,-0.018368055555555356
DeepSeek/OFF,raw,accurate_minus_score,202,0.006354166666666662
DeepSeek/OFF,raw,accurate_minus_score,203,0.009333333333333374
DeepSeek/OFF,raw,accurate_minus_score,204,-0.02256250000000004
DeepSeek/OFF,raw,accurate_minus_score,205,0.004076388888888911
DeepSeek/OFF,raw,accurate_minus_score,206,0.01849305555555551
DeepSeek/OFF,raw,accurate_minus_score,207,-0.029527777777777896
DeepSeek/OFF,raw,accurate_minus_score,208,-0.006006944444444494
DeepSeek/OFF,raw,accurate_minus_score,209,-0.004375000000000018
DeepSeek/OFF,raw,accurate_minus_score,210,-0.07017361111111124
DeepSeek/OFF,raw,accurate_minus_score,211,0.06861111111111098
DeepSeek/OFF,raw,accurate_minus_score,212,-0.014055555555555564
DeepSeek/OFF,raw,accurate_minus_score,213,0.015319444444444478
DeepSeek/OFF,raw,accurate_minus_score,214,0.0004027777777777519
DeepSeek/OFF,raw,accurate_minus_score,215,-0.0225833333333334
DeepSeek/OFF,raw,accurate_minus_score,216,-0.01752083333333343
DeepSeek/OFF,raw,accurate_minus_score,217,0.030958333333333313
DeepSeek/OFF,raw,accurate_minus_score,218,0.010687499999999997
DeepSeek/OFF,raw,accurate_minus_score,219,0.00041666666666669537
DeepSeek/OFF,raw,mismatched_minus_score,200,-0.0019236111111110565
DeepSeek/OFF,raw,mismatched_minus_score,201,-0.05224305555555542
DeepSeek/OFF,raw,mismatched_minus_score,202,5.5555555555586444e-05
DeepSeek/OFF,raw,mismatched_minus_score,203,-0.013486111111111088
DeepSeek/OFF,raw,mismatched_minus_score,204,0.01415972222222217
DeepSeek/OFF,raw,mismatched_minus_score,205,-0.008604166666666673
DeepSeek/OFF,raw,mismatched_minus_score,206,-0.010520833333333314
DeepSeek/OFF,raw,mismatched_minus_score,207,-0.05041666666666675
DeepSeek/OFF,raw,mismatched_minus_score,208,0.02268749999999997
DeepSeek/OFF,raw,mismatched_minus_score,209,0.004430555555555567
DeepSeek/OFF,raw,mismatched_minus_score,210,-0.05352083333333346
DeepSeek/OFF,raw,mismatched_minus_score,211,0.061833333333333254
DeepSeek/OFF,raw,mismatched_minus_score,212,0.00662500000000003
DeepSeek/OFF,raw,mismatched_minus_score,213,0.04695138888888879
DeepSeek/OFF,raw,mismatched_minus_score,214,0.005305555555555525
DeepSeek/OFF,raw,mismatched_minus_score,215,-0.0006805555555555384
DeepSeek/OFF,raw,mismatched_minus_score,216,0.008319444444444324
DeepSeek/OFF,raw,mismatched_minus_score,217,0.007770833333333397
DeepSeek/OFF,raw,mismatched_minus_score,218,-0.01763888888888887
DeepSeek/OFF,raw,mismatched_minus_score,219,0.007305555555555528
DeepSeek/OFF,S3,accurate_minus_score,200,-0.0014861111111111533
DeepSeek/OFF,S3,accurate_minus_score,201,-0.03695833333333335
DeepSeek/OFF,S3,accurate_minus_score,202,0.008624999999999957
DeepSeek/OFF,S3,accurate_minus_score,203,0.0032083333333333317
DeepSeek/OFF,S3,accurate_minus_score,204,0.014444444444444485
DeepSeek/OFF,S3,accurate_minus_score,205,-0.007638888888888898
DeepSeek/OFF,S3,accurate_minus_score,206,-0.012638888888888866
DeepSeek/OFF,S3,accurate_minus_score,207,-0.044430555555555605
DeepSeek/OFF,S3,accurate_minus_score,208,0.010680555555555507
DeepSeek/OFF,S3,accurate_minus_score,209,0.0025833333333332344
DeepSeek/OFF,S3,accurate_minus_score,210,-0.10176388888888885
DeepSeek/OFF,S3,accurate_minus_score,211,0.03672222222222218
DeepSeek/OFF,S3,accurate_minus_score,212,-0.007111111111111142
DeepSeek/OFF,S3,accurate_minus_score,213,0.014902777777777857
DeepSeek/OFF,S3,accurate_minus_score,214,0.009638888888888975
DeepSeek/OFF,S3,accurate_minus_score,215,0.01069444444444434
DeepSeek/OFF,S3,accurate_minus_score,216,-0.009486111111111313
DeepSeek/OFF,S3,accurate_minus_score,217,0.01919444444444444
DeepSeek/OFF,S3,accurate_minus_score,218,0.00502777777777778
DeepSeek/OFF,S3,accurate_minus_score,219,-0.01184722222222227
DeepSeek/OFF,S3,mismatched_minus_score,200,0.006750000000000034
DeepSeek/OFF,S3,mismatched_minus_score,201,-0.06077777777777781
DeepSeek/OFF,S3,mismatched_minus_score,202,0.012958333333333183
DeepSeek/OFF,S3,mismatched_minus_score,203,-0.004652777777777839
DeepSeek/OFF,S3,mismatched_minus_score,204,0.009750000000000075
DeepSeek/OFF,S3,mismatched_minus_score,205,-0.0027777777777778425
DeepSeek/OFF,S3,mismatched_minus_score,206,-0.02547222222222219
DeepSeek/OFF,S3,mismatched_minus_score,207,-0.027861111111111184
DeepSeek/OFF,S3,mismatched_minus_score,208,0.0313611111111111
DeepSeek/OFF,S3,mismatched_minus_score,209,-0.011513888888888898
DeepSeek/OFF,S3,mismatched_minus_score,210,-0.11611111111111129
DeepSeek/OFF,S3,mismatched_minus_score,211,0.04081944444444444
DeepSeek/OFF,S3,mismatched_minus_score,212,-0.01405555555555556
DeepSeek/OFF,S3,mismatched_minus_score,213,0.01968055555555548
DeepSeek/OFF,S3,mismatched_minus_score,214,-0.007013888888888951
DeepSeek/OFF,S3,mismatched_minus_score,215,0.008166666666666655
DeepSeek/OFF,S3,mismatched_minus_score,216,0.008361111111110889
DeepSeek/OFF,S3,mismatched_minus_score,217,-0.018444444444444413
DeepSeek/OFF,S3,mismatched_minus_score,218,-0.030083333333333316
DeepSeek/OFF,S3,mismatched_minus_score,219,0.011166666666666545
DeepSeek/ON,raw,accurate_minus_score,200,0.039347222222222346
DeepSeek/ON,raw,accurate_minus_score,201,0.07314583333333335
DeepSeek/ON,raw,accurate_minus_score,202,0.04988194444444445
DeepSeek/ON,raw,accurate_minus_score,203,0.056798611111111175
DeepSeek/ON,raw,accurate_minus_score,204,0.06966666666666663
DeepSeek/ON,raw,accurate_minus_score,205,0.02459027777777782
DeepSeek/ON,raw,accurate_minus_score,206,0.02590972222222218
DeepSeek/ON,raw,accurate_minus_score,207,0.03468749999999986
DeepSeek/ON,raw,accurate_minus_score,208,-0.0037777777777776578
DeepSeek/ON,raw,accurate_minus_score,209,-0.004625000000000101
DeepSeek/ON,raw,accurate_minus_score,210,0.048104166666666726
DeepSeek/ON,raw,accurate_minus_score,211,0.06481944444444447
DeepSeek/ON,raw,accurate_minus_score,212,0.004486111111110927
DeepSeek/ON,raw,accurate_minus_score,213,0.008819444444444421
DeepSeek/ON,raw,accurate_minus_score,214,0.006298611111111185
DeepSeek/ON,raw,accurate_minus_score,215,0.022124999999999923
DeepSeek/ON,raw,accurate_minus_score,216,0.009618055555555623
DeepSeek/ON,raw,accurate_minus_score,217,-0.023124999999999958
DeepSeek/ON,raw,accurate_minus_score,218,-0.07068749999999997
DeepSeek/ON,raw,accurate_minus_score,219,-0.050888888888888796
DeepSeek/ON,raw,mismatched_minus_score,200,0.012930555555555598
DeepSeek/ON,raw,mismatched_minus_score,201,0.01878472222222231
DeepSeek/ON,raw,mismatched_minus_score,202,0.06365972222222212
DeepSeek/ON,raw,mismatched_minus_score,203,0.027277777777777845
DeepSeek/ON,raw,mismatched_minus_score,204,0.05465972222222219
DeepSeek/ON,raw,mismatched_minus_score,205,0.03496527777777776
DeepSeek/ON,raw,mismatched_minus_score,206,-0.002340277777777816
DeepSeek/ON,raw,mismatched_minus_score,207,-0.0156319444444446
DeepSeek/ON,raw,mismatched_minus_score,208,0.018541666666666685
DeepSeek/ON,raw,mismatched_minus_score,209,-0.010430555555555686
DeepSeek/ON,raw,mismatched_minus_score,210,-0.02559722222222216
DeepSeek/ON,raw,mismatched_minus_score,211,0.03861805555555564
DeepSeek/ON,raw,mismatched_minus_score,212,0.04009027777777766
DeepSeek/ON,raw,mismatched_minus_score,213,-0.01674999999999996
DeepSeek/ON,raw,mismatched_minus_score,214,0.009395833333333381
DeepSeek/ON,raw,mismatched_minus_score,215,-0.055062500000000014
DeepSeek/ON,raw,mismatched_minus_score,216,0.010048611111111182
DeepSeek/ON,raw,mismatched_minus_score,217,0.05786111111111114
DeepSeek/ON,raw,mismatched_minus_score,218,0.0035208333333333064
DeepSeek/ON,raw,mismatched_minus_score,219,-0.001881944444444339
DeepSeek/ON,S3,accurate_minus_score,200,0.06600000000000014
DeepSeek/ON,S3,accurate_minus_score,201,0.06647222222222218
DeepSeek/ON,S3,accurate_minus_score,202,0.11725
DeepSeek/ON,S3,accurate_minus_score,203,0.10250000000000004
DeepSeek/ON,S3,accurate_minus_score,204,0.07456944444444438
DeepSeek/ON,S3,accurate_minus_score,205,-0.0011111111111110593
DeepSeek/ON,S3,accurate_minus_score,206,0.03529166666666672
DeepSeek/ON,S3,accurate_minus_score,207,0.014097222222221983
DeepSeek/ON,S3,accurate_minus_score,208,-0.017430555555555463
DeepSeek/ON,S3,accurate_minus_score,209,-0.02227777777777784
DeepSeek/ON,S3,accurate_minus_score,210,0.0704166666666668
DeepSeek/ON,S3,accurate_minus_score,211,0.043500000000000025
DeepSeek/ON,S3,accurate_minus_score,212,-0.006569444444444551
DeepSeek/ON,S3,accurate_minus_score,213,-0.04093055555555562
DeepSeek/ON,S3,accurate_minus_score,214,0.01245833333333339
DeepSeek/ON,S3,accurate_minus_score,215,0.05390277777777763
DeepSeek/ON,S3,accurate_minus_score,216,0.01845833333333332
DeepSeek/ON,S3,accurate_minus_score,217,-0.03999999999999988
DeepSeek/ON,S3,accurate_minus_score,218,-0.08905555555555558
DeepSeek/ON,S3,accurate_minus_score,219,-0.04288888888888884
DeepSeek/ON,S3,mismatched_minus_score,200,0.014708333333333247
DeepSeek/ON,S3,mismatched_minus_score,201,0.012888888888888804
DeepSeek/ON,S3,mismatched_minus_score,202,0.1442083333333332
DeepSeek/ON,S3,mismatched_minus_score,203,0.07804166666666672
DeepSeek/ON,S3,mismatched_minus_score,204,0.06744444444444442
DeepSeek/ON,S3,mismatched_minus_score,205,0.020861111111111073
DeepSeek/ON,S3,mismatched_minus_score,206,-0.019486111111111162
DeepSeek/ON,S3,mismatched_minus_score,207,0.016694444444444206
DeepSeek/ON,S3,mismatched_minus_score,208,0.03433333333333333
DeepSeek/ON,S3,mismatched_minus_score,209,-0.041416666666666796
DeepSeek/ON,S3,mismatched_minus_score,210,0.013305555555555605
DeepSeek/ON,S3,mismatched_minus_score,211,0.04195833333333332
DeepSeek/ON,S3,mismatched_minus_score,212,0.06663888888888878
DeepSeek/ON,S3,mismatched_minus_score,213,-0.023444444444444393
DeepSeek/ON,S3,mismatched_minus_score,214,0.03311111111111102
DeepSeek/ON,S3,mismatched_minus_score,215,-0.0834444444444445
DeepSeek/ON,S3,mismatched_minus_score,216,0.05483333333333328
DeepSeek/ON,S3,mismatched_minus_score,217,0.09712500000000004
DeepSeek/ON,S3,mismatched_minus_score,218,0.01881944444444436
DeepSeek/ON,S3,mismatched_minus_score,219,-0.006305555555555349
Qwen/OFF,raw,accurate_minus_score,200,0.026013888888888892
Qwen/OFF,raw,accurate_minus_score,201,0.035083333333333244
Qwen/OFF,raw,accurate_minus_score,202,-0.0035000000000001328
Qwen/OFF,raw,accurate_minus_score,203,0.043826388888888825
Qwen/OFF,raw,accurate_minus_score,204,0.014534722222222185
Qwen/OFF,raw,accurate_minus_score,205,0.019437500000000073
Qwen/OFF,raw,accurate_minus_score,206,-0.029305555555555547
Qwen/OFF,raw,accurate_minus_score,207,-0.04363194444444444
Qwen/OFF,raw,accurate_minus_score,208,-0.003013888888888906
Qwen/OFF,raw,accurate_minus_score,209,0.010465277777777874
Qwen/OFF,raw,accurate_minus_score,210,0.02107638888888893
Qwen/OFF,raw,accurate_minus_score,211,-0.02422916666666664
Qwen/OFF,raw,accurate_minus_score,212,0.019937500000000052
Qwen/OFF,raw,accurate_minus_score,213,-0.003847222222222187
Qwen/OFF,raw,accurate_minus_score,214,0.001784722222222184
Qwen/OFF,raw,accurate_minus_score,215,-0.013430555555555647
Qwen/OFF,raw,accurate_minus_score,216,-0.03564583333333334
Qwen/OFF,raw,accurate_minus_score,217,0.033743055555555644
Qwen/OFF,raw,accurate_minus_score,218,0.016402777777777804
Qwen/OFF,raw,accurate_minus_score,219,-0.017270833333333346
Qwen/OFF,raw,mismatched_minus_score,200,0.023763888888888883
Qwen/OFF,raw,mismatched_minus_score,201,-0.008458333333333382
Qwen/OFF,raw,mismatched_minus_score,202,-0.024187500000000067
Qwen/OFF,raw,mismatched_minus_score,203,0.06494444444444443
Qwen/OFF,raw,mismatched_minus_score,204,-0.01348611111111116
Qwen/OFF,raw,mismatched_minus_score,205,0.005479166666666594
Qwen/OFF,raw,mismatched_minus_score,206,0.0014444444444445086
Qwen/OFF,raw,mismatched_minus_score,207,0.03449305555555564
Qwen/OFF,raw,mismatched_minus_score,208,-0.0011111111111111356
Qwen/OFF,raw,mismatched_minus_score,209,-0.0025347222222220998
Qwen/OFF,raw,mismatched_minus_score,210,-0.002270833333333295
Qwen/OFF,raw,mismatched_minus_score,211,-0.016270833333333238
Qwen/OFF,raw,mismatched_minus_score,212,0.01445138888888886
Qwen/OFF,raw,mismatched_minus_score,213,-0.005055555555555369
Qwen/OFF,raw,mismatched_minus_score,214,0.0005486111111110033
Qwen/OFF,raw,mismatched_minus_score,215,0.026062499999999995
Qwen/OFF,raw,mismatched_minus_score,216,-0.021611111111111282
Qwen/OFF,raw,mismatched_minus_score,217,0.019583333333333324
Qwen/OFF,raw,mismatched_minus_score,218,0.03368749999999998
Qwen/OFF,raw,mismatched_minus_score,219,-0.026763888888888886
Qwen/OFF,S3,accurate_minus_score,200,0.017013888888888884
Qwen/OFF,S3,accurate_minus_score,201,0.06769444444444436
Qwen/OFF,S3,accurate_minus_score,202,0.0019305555555553242
Qwen/OFF,S3,accurate_minus_score,203,0.01502777777777764
Qwen/OFF,S3,accurate_minus_score,204,0.0011388888888888699
Qwen/OFF,S3,accurate_minus_score,205,0.00575000000000007
Qwen/OFF,S3,accurate_minus_score,206,-0.028694444444444432
Qwen/OFF,S3,accurate_minus_score,207,0.004750000000000032
Qwen/OFF,S3,accurate_minus_score,208,0.00673611111111113
Qwen/OFF,S3,accurate_minus_score,209,0.013750000000000078
Qwen/OFF,S3,accurate_minus_score,210,0.00229166666666665
Qwen/OFF,S3,accurate_minus_score,211,-0.021847222222222202
Qwen/OFF,S3,accurate_minus_score,212,0.025319444444444374
Qwen/OFF,S3,accurate_minus_score,213,-0.022722222222222088
Qwen/OFF,S3,accurate_minus_score,214,0.0016666666666667052
Qwen/OFF,S3,accurate_minus_score,215,-0.012166666666666805
Qwen/OFF,S3,accurate_minus_score,216,-0.12415277777777785
Qwen/OFF,S3,accurate_minus_score,217,-0.004472222222222062
Qwen/OFF,S3,accurate_minus_score,218,-0.019777777777777825
Qwen/OFF,S3,accurate_minus_score,219,-0.045777777777777834
Qwen/OFF,S3,mismatched_minus_score,200,-0.016791666666666757
Qwen/OFF,S3,mismatched_minus_score,201,0.009972222222222122
Qwen/OFF,S3,mismatched_minus_score,202,-0.008097222222222422
Qwen/OFF,S3,mismatched_minus_score,203,0.06219444444444444
Qwen/OFF,S3,mismatched_minus_score,204,0.00966666666666656
Qwen/OFF,S3,mismatched_minus_score,205,-0.015819444444444462
Qwen/OFF,S3,mismatched_minus_score,206,0.006583333333333309
Qwen/OFF,S3,mismatched_minus_score,207,0.050694444444444514
Qwen/OFF,S3,mismatched_minus_score,208,-0.003458333333333341
Qwen/OFF,S3,mismatched_minus_score,209,-0.010291666666666588
Qwen/OFF,S3,mismatched_minus_score,210,-0.011194444444444361
Qwen/OFF,S3,mismatched_minus_score,211,-0.011069444444444354
Qwen/OFF,S3,mismatched_minus_score,212,0.019861111111111107
Qwen/OFF,S3,mismatched_minus_score,213,-0.016680555555555365
Qwen/OFF,S3,mismatched_minus_score,214,-0.02249999999999996
Qwen/OFF,S3,mismatched_minus_score,215,0.03631944444444435
Qwen/OFF,S3,mismatched_minus_score,216,-0.07206944444444467
Qwen/OFF,S3,mismatched_minus_score,217,0.0016805555555556122
Qwen/OFF,S3,mismatched_minus_score,218,0.011333333333333272
Qwen/OFF,S3,mismatched_minus_score,219,-0.04583333333333346
Qwen/ON,raw,accurate_minus_score,200,0.02636805555555566
Qwen/ON,raw,accurate_minus_score,201,0.011395833333333244
Qwen/ON,raw,accurate_minus_score,202,0.0017013888888888218
Qwen/ON,raw,accurate_minus_score,203,-0.04480555555555551
Qwen/ON,raw,accurate_minus_score,204,0.06615972222222218
Qwen/ON,raw,accurate_minus_score,205,0.049652777777777615
Qwen/ON,raw,accurate_minus_score,206,0.12160416666666662
Qwen/ON,raw,accurate_minus_score,207,0.11572222222222214
Qwen/ON,raw,accurate_minus_score,208,0.02536805555555558
Qwen/ON,raw,accurate_minus_score,209,-0.0657916666666668
Qwen/ON,raw,accurate_minus_score,210,0.05168749999999993
Qwen/ON,raw,accurate_minus_score,211,0.04390972222222218
Qwen/ON,raw,accurate_minus_score,212,0.16368750000000018
Qwen/ON,raw,accurate_minus_score,213,0.09530555555555557
Qwen/ON,raw,accurate_minus_score,214,0.13759027777777785
Qwen/ON,raw,accurate_minus_score,215,-0.018263888888888802
Qwen/ON,raw,accurate_minus_score,216,0.032444444444444526
Qwen/ON,raw,accurate_minus_score,217,0.08246527777777773
Qwen/ON,raw,accurate_minus_score,218,0.01892361111111107
Qwen/ON,raw,accurate_minus_score,219,-0.009930555555555443
Qwen/ON,raw,mismatched_minus_score,200,0.013659722222222365
Qwen/ON,raw,mismatched_minus_score,201,-0.04920833333333333
Qwen/ON,raw,mismatched_minus_score,202,0.029486111111111143
Qwen/ON,raw,mismatched_minus_score,203,0.05406250000000008
Qwen/ON,raw,mismatched_minus_score,204,0.1303055555555556
Qwen/ON,raw,mismatched_minus_score,205,0.05439583333333327
Qwen/ON,raw,mismatched_minus_score,206,0.10497222222222216
Qwen/ON,raw,mismatched_minus_score,207,0.1296944444444444
Qwen/ON,raw,mismatched_minus_score,208,0.03726388888888873
Qwen/ON,raw,mismatched_minus_score,209,-0.022062500000000054
Qwen/ON,raw,mismatched_minus_score,210,0.024937499999999793
Qwen/ON,raw,mismatched_minus_score,211,0.09506944444444446
Qwen/ON,raw,mismatched_minus_score,212,0.10329861111111108
Qwen/ON,raw,mismatched_minus_score,213,0.07245138888888895
Qwen/ON,raw,mismatched_minus_score,214,0.0841736111111111
Qwen/ON,raw,mismatched_minus_score,215,0.012687499999999907
Qwen/ON,raw,mismatched_minus_score,216,-0.06149305555555555
Qwen/ON,raw,mismatched_minus_score,217,0.0010833333333331793
Qwen/ON,raw,mismatched_minus_score,218,0.032048611111111125
Qwen/ON,raw,mismatched_minus_score,219,-0.0637430555555556
Qwen/ON,S3,accurate_minus_score,200,0.017458333333333437
Qwen/ON,S3,accurate_minus_score,201,-0.029250000000000276
Qwen/ON,S3,accurate_minus_score,202,-0.006097222222222337
Qwen/ON,S3,accurate_minus_score,203,-0.04704166666666672
Qwen/ON,S3,accurate_minus_score,204,0.08873611111111113
Qwen/ON,S3,accurate_minus_score,205,0.000749999999999737
Qwen/ON,S3,accurate_minus_score,206,0.1080694444444444
Qwen/ON,S3,accurate_minus_score,207,0.06640277777777767
Qwen/ON,S3,accurate_minus_score,208,0.036166666666666764
Qwen/ON,S3,accurate_minus_score,209,-0.0700833333333335
Qwen/ON,S3,accurate_minus_score,210,0.03480555555555531
Qwen/ON,S3,accurate_minus_score,211,0.07922222222222222
Qwen/ON,S3,accurate_minus_score,212,0.19713888888888897
Qwen/ON,S3,accurate_minus_score,213,0.17173611111111117
Qwen/ON,S3,accurate_minus_score,214,0.18713888888888888
Qwen/ON,S3,accurate_minus_score,215,-0.06399999999999983
Qwen/ON,S3,accurate_minus_score,216,0.06591666666666665
Qwen/ON,S3,accurate_minus_score,217,0.0741388888888889
Qwen/ON,S3,accurate_minus_score,218,0.004833333333333328
Qwen/ON,S3,accurate_minus_score,219,-0.004013888888888706
Qwen/ON,S3,mismatched_minus_score,200,-0.003916666666666485
Qwen/ON,S3,mismatched_minus_score,201,-0.13273611111111122
Qwen/ON,S3,mismatched_minus_score,202,0.06876388888888885
Qwen/ON,S3,mismatched_minus_score,203,0.09063888888888878
Qwen/ON,S3,mismatched_minus_score,204,0.13536111111111118
Qwen/ON,S3,mismatched_minus_score,205,-0.008736111111111208
Qwen/ON,S3,mismatched_minus_score,206,0.032222222222222166
Qwen/ON,S3,mismatched_minus_score,207,0.08576388888888889
Qwen/ON,S3,mismatched_minus_score,208,0.07737499999999982
Qwen/ON,S3,mismatched_minus_score,209,0.013694444444444384
Qwen/ON,S3,mismatched_minus_score,210,-0.043680555555555944
Qwen/ON,S3,mismatched_minus_score,211,0.0925972222222223
Qwen/ON,S3,mismatched_minus_score,212,0.1108472222222221
Qwen/ON,S3,mismatched_minus_score,213,0.11472222222222217
Qwen/ON,S3,mismatched_minus_score,214,0.10599999999999996
Qwen/ON,S3,mismatched_minus_score,215,0.012847222222222232
Qwen/ON,S3,mismatched_minus_score,216,-0.051722222222222225
Qwen/ON,S3,mismatched_minus_score,217,-0.033833333333333465
Qwen/ON,S3,mismatched_minus_score,218,0.07444444444444462
Qwen/ON,S3,mismatched_minus_score,219,-0.07773611111111102
